Round,Date,Team 1,FT,Team 2
Journée 1,Fri Aug 21 2020,Girondins de Bordeaux,0-0,FC Nantes
Journée 1,Sat Aug 22 2020,Dijon FCO,0-1,Angers SCO
Journée 1,Sat Aug 22 2020,Lille OSC,1-1,Stade Rennais FC
Journée 1,Sun Aug 23 2020,AS Monaco,2-2,Stade de Reims
Journée 1,Sun Aug 23 2020,FC Lorient,3-1,RC Strasbourg
Journée 1,Sun Aug 23 2020,Nîmes Olympique,4-0,Stade Brestois 29
Journée 1,Sun Aug 23 2020,OGC Nice,2-1,RC Lens
Journée 2,Fri Aug 28 2020,Olympique Lyonnais,4-1,Dijon FCO
Journée 2,Sat Aug 29 2020,Stade Rennais FC,2-1,Montpellier HSC
Journée 2,Sat Aug 29 2020,RC Strasbourg,0-2,OGC Nice
Journée 2,Sun Aug 30 2020,Stade de Reims,0-1,Lille OSC
Journée 2,Sun Aug 30 2020,AS Saint-Étienne,2-0,FC Lorient
Journée 2,Sun Aug 30 2020,Angers SCO,0-2,Girondins de Bordeaux
Journée 2,Sun Aug 30 2020,FC Metz,0-1,AS Monaco
Journée 2,Sun Aug 30 2020,FC Nantes,2-1,Nîmes Olympique
Journée 2,Sun Aug 30 2020,Stade Brestois 29,2-3,Olympique de Marseille
Journée 2,Thu Sep 10 2020,RC Lens,1-0,Paris Saint-Germain
Journée 3,Fri Sep 11 2020,Girondins de Bordeaux,0-0,Olympique Lyonnais
Journée 3,Sat Sep 12 2020,Montpellier HSC,3-1,OGC Nice
Journée 3,Sat Sep 12 2020,AS Saint-Étienne,2-0,RC Strasbourg
Journée 3,Sun Sep 13 2020,Lille OSC,1-0,FC Metz
Journée 3,Sun Sep 13 2020,Nîmes Olympique,2-4,Stade Rennais FC
Journée 3,Sun Sep 13 2020,Dijon FCO,0-2,Stade Brestois 29
Journée 3,Sun Sep 13 2020,Angers SCO,1-0,Stade de Reims
Journée 3,Sun Sep 13 2020,FC Lorient,2-3,RC Lens
Journée 3,Sun Sep 13 2020,AS Monaco,2-1,FC Nantes
Journée 3,Sun Sep 13 2020,Paris Saint-Germain,0-1,Olympique de Marseille
Journée 1,Tue Sep 15 2020,Montpellier HSC,2-1,Olympique Lyonnais
Journée 1,Wed Sep 16 2020,Paris Saint-Germain,1-0,FC Metz
Journée 1,Thu Sep 17 2020,Olympique de Marseille,0-2,AS Saint-Étienne
Journée 4,Fri Sep 18 2020,Olympique Lyonnais,0-0,Nîmes Olympique
Journée 4,Sat Sep 19 2020,RC Lens,2-1,Girondins de Bordeaux
Journée 4,Sat Sep 19 2020,Stade Rennais FC,2-1,AS Monaco
Journée 4,Sun Sep 20 2020,OGC Nice,0-3,Paris Saint-Germain
Journée 4,Sun Sep 20 2020,Stade Brestois 29,3-2,FC Lorient
Journée 4,Sun Sep 20 2020,FC Metz,2-1,Stade de Reims
Journée 4,Sun Sep 20 2020,Montpellier HSC,4-1,Angers SCO
Journée 4,Sun Sep 20 2020,RC Strasbourg,1-0,Dijon FCO
Journée 4,Sun Sep 20 2020,FC Nantes,2-2,AS Saint-Étienne
Journée 4,Sun Sep 20 2020,Olympique de Marseille,1-1,Lille OSC
Journée 5,Fri Sep 25 2020,Lille OSC,,FC Nantes
Journée 5,Sat Sep 26 2020,AS Saint-Étienne,,Stade Rennais FC
Journée 5,Sat Sep 26 2020,Olympique de Marseille,,FC Metz
Journée 5,Sun Sep 27 2020,Girondins de Bordeaux,,OGC Nice
Journée 5,Sun Sep 27 2020,Dijon FCO,,Montpellier HSC
Journée 5,Sun Sep 27 2020,Nîmes Olympique,,RC Lens
Journée 5,Sun Sep 27 2020,AS Monaco,,RC Strasbourg
Journée 5,Sun Sep 27 2020,Angers SCO,,Stade Brestois 29
Journée 5,Sun Sep 27 2020,FC Lorient,,Olympique Lyonnais
Journée 5,Sun Sep 27 2020,Stade de Reims,,Paris Saint-Germain
Journée 6,Fri Oct 2 2020,Paris Saint-Germain,,Angers SCO
Journée 6,Sat Oct 3 2020,RC Lens,,AS Saint-Étienne
Journée 6,Sat Oct 3 2020,OGC Nice,,FC Nantes
Journée 6,Sun Oct 4 2020,Montpellier HSC,,Nîmes Olympique
Journée 6,Sun Oct 4 2020,Girondins de Bordeaux,,Dijon FCO
Journée 6,Sun Oct 4 2020,Stade Brestois 29,,AS Monaco
Journée 6,Sun Oct 4 2020,RC Strasbourg,,Lille OSC
Journée 6,Sun Oct 4 2020,FC Metz,,FC Lorient
Journée 6,Sun Oct 4 2020,Stade Rennais FC,,Stade de Reims
Journée 6,Sun Oct 4 2020,Olympique Lyonnais,,Olympique de Marseille
Journée 7,Sun Oct 18 2020,Angers SCO,,FC Metz
Journée 7,Sun Oct 18 2020,Dijon FCO,,Stade Rennais FC
Journée 7,Sun Oct 18 2020,Lille OSC,,RC Lens
Journée 7,Sun Oct 18 2020,Olympique de Marseille,,Girondins de Bordeaux
Journée 7,Sun Oct 18 2020,AS Monaco,,Montpellier HSC
Journée 7,Sun Oct 18 2020,FC Nantes,,Stade Brestois 29
Journée 7,Sun Oct 18 2020,Nîmes Olympique,,Paris Saint-Germain
Journée 7,Sun Oct 18 2020,Stade de Reims,,FC Lorient
Journée 7,Sun Oct 18 2020,AS Saint-Étienne,,OGC Nice
Journée 7,Sun Oct 18 2020,RC Strasbourg,,Olympique Lyonnais
Journée 8,Sun Oct 25 2020,Girondins de Bordeaux,,Nîmes Olympique
Journée 8,Sun Oct 25 2020,Stade Brestois 29,,RC Strasbourg
Journée 8,Sun Oct 25 2020,RC Lens,,FC Nantes
Journée 8,Sun Oct 25 2020,FC Lorient,,Olympique de Marseille
Journée 8,Sun Oct 25 2020,Olympique Lyonnais,,AS Monaco
Journée 8,Sun Oct 25 2020,FC Metz,,AS Saint-Étienne
Journée 8,Sun Oct 25 2020,Montpellier HSC,,Stade de Reims
Journée 8,Sun Oct 25 2020,OGC Nice,,Lille OSC
Journée 8,Sun Oct 25 2020,Paris Saint-Germain,,Dijon FCO
Journée 8,Sun Oct 25 2020,Stade Rennais FC,,Angers SCO
Journée 9,Sun Nov 1 2020,Angers SCO,,OGC Nice
Journée 9,Sun Nov 1 2020,Dijon FCO,,FC Lorient
Journée 9,Sun Nov 1 2020,Lille OSC,,Olympique Lyonnais
Journée 9,Sun Nov 1 2020,Olympique de Marseille,,RC Lens
Journée 9,Sun Nov 1 2020,AS Monaco,,Girondins de Bordeaux
Journée 9,Sun Nov 1 2020,FC Nantes,,Paris Saint-Germain
Journée 9,Sun Nov 1 2020,Nîmes Olympique,,FC Metz
Journée 9,Sun Nov 1 2020,Stade de Reims,,RC Strasbourg
Journée 9,Sun Nov 1 2020,Stade Rennais FC,,Stade Brestois 29
Journée 9,Sun Nov 1 2020,AS Saint-Étienne,,Montpellier HSC
Journée 10,Sun Nov 8 2020,Girondins de Bordeaux,,Montpellier HSC
Journée 10,Sun Nov 8 2020,Stade Brestois 29,,Lille OSC
Journée 10,Sun Nov 8 2020,RC Lens,,Stade de Reims
Journée 10,Sun Nov 8 2020,FC Lorient,,FC Nantes
Journée 10,Sun Nov 8 2020,Olympique Lyonnais,,AS Saint-Étienne
Journée 10,Sun Nov 8 2020,FC Metz,,Dijon FCO
Journée 10,Sun Nov 8 2020,OGC Nice,,AS Monaco
Journée 10,Sun Nov 8 2020,Nîmes Olympique,,Angers SCO
Journée 10,Sun Nov 8 2020,Paris Saint-Germain,,Stade Rennais FC
Journée 10,Sun Nov 8 2020,RC Strasbourg,,Olympique de Marseille
Journée 11,Sun Nov 22 2020,Angers SCO,,Olympique Lyonnais
Journée 11,Sun Nov 22 2020,Stade Brestois 29,,AS Saint-Étienne
Journée 11,Sun Nov 22 2020,Dijon FCO,,RC Lens
Journée 11,Sun Nov 22 2020,Lille OSC,,FC Lorient
Journée 11,Sun Nov 22 2020,Olympique de Marseille,,OGC Nice
Journée 11,Sun Nov 22 2020,AS Monaco,,Paris Saint-Germain
Journée 11,Sun Nov 22 2020,Montpellier HSC,,RC Strasbourg
Journée 11,Sun Nov 22 2020,FC Nantes,,FC Metz
Journée 11,Sun Nov 22 2020,Stade de Reims,,Nîmes Olympique
Journée 11,Sun Nov 22 2020,Stade Rennais FC,,Girondins de Bordeaux
Journée 12,Sun Nov 29 2020,RC Lens,,Angers SCO
Journée 12,Sun Nov 29 2020,FC Lorient,,Montpellier HSC
Journée 12,Sun Nov 29 2020,Olympique Lyonnais,,Stade de Reims
Journée 12,Sun Nov 29 2020,Olympique de Marseille,,FC Nantes
Journée 12,Sun Nov 29 2020,FC Metz,,Stade Brestois 29
Journée 12,Sun Nov 29 2020,AS Monaco,,Nîmes Olympique
Journée 12,Sun Nov 29 2020,OGC Nice,,Dijon FCO
Journée 12,Sun Nov 29 2020,Paris Saint-Germain,,Girondins de Bordeaux
Journée 12,Sun Nov 29 2020,AS Saint-Étienne,,Lille OSC
Journée 12,Sun Nov 29 2020,RC Strasbourg,,Stade Rennais FC
Journée 13,Sun Dec 6 2020,Angers SCO,,FC Lorient
Journée 13,Sun Dec 6 2020,Girondins de Bordeaux,,Stade Brestois 29
Journée 13,Sun Dec 6 2020,Dijon FCO,,AS Saint-Étienne
Journée 13,Sun Dec 6 2020,Lille OSC,,AS Monaco
Journée 13,Sun Dec 6 2020,FC Metz,,Olympique Lyonnais
Journée 13,Sun Dec 6 2020,Montpellier HSC,,Paris Saint-Germain
Journée 13,Sun Dec 6 2020,FC Nantes,,RC Strasbourg
Journée 13,Sun Dec 6 2020,Nîmes Olympique,,Olympique de Marseille
Journée 13,Sun Dec 6 2020,Stade de Reims,,OGC Nice
Journée 13,Sun Dec 6 2020,Stade Rennais FC,,RC Lens
Journée 14,Sun Dec 13 2020,Stade Brestois 29,,Stade de Reims
Journée 14,Sun Dec 13 2020,RC Lens,,Montpellier HSC
Journée 14,Sun Dec 13 2020,Lille OSC,,Girondins de Bordeaux
Journée 14,Sun Dec 13 2020,FC Lorient,,Nîmes Olympique
Journée 14,Sun Dec 13 2020,Olympique de Marseille,,AS Monaco
Journée 14,Sun Dec 13 2020,FC Nantes,,Dijon FCO
Journée 14,Sun Dec 13 2020,OGC Nice,,Stade Rennais FC
Journée 14,Sun Dec 13 2020,Paris Saint-Germain,,Olympique Lyonnais
Journée 14,Sun Dec 13 2020,AS Saint-Étienne,,Angers SCO
Journée 14,Sun Dec 13 2020,RC Strasbourg,,FC Metz
Journée 15,Wed Dec 16 2020,Angers SCO,,RC Strasbourg
Journée 15,Wed Dec 16 2020,Girondins de Bordeaux,,AS Saint-Étienne
Journée 15,Wed Dec 16 2020,Dijon FCO,,Lille OSC
Journée 15,Wed Dec 16 2020,Olympique Lyonnais,,Stade Brestois 29
Journée 15,Wed Dec 16 2020,AS Monaco,,RC Lens
Journée 15,Wed Dec 16 2020,Montpellier HSC,,FC Metz
Journée 15,Wed Dec 16 2020,Nîmes Olympique,,OGC Nice
Journée 15,Wed Dec 16 2020,Paris Saint-Germain,,FC Lorient
Journée 15,Wed Dec 16 2020,Stade de Reims,,FC Nantes
Journée 15,Wed Dec 16 2020,Stade Rennais FC,,Olympique de Marseille
Journée 16,Sun Dec 20 2020,Stade Brestois 29,,Montpellier HSC
Journée 16,Sun Dec 20 2020,Dijon FCO,,AS Monaco
Journée 16,Sun Dec 20 2020,Lille OSC,,Paris Saint-Germain
Journée 16,Sun Dec 20 2020,FC Lorient,,Stade Rennais FC
Journée 16,Sun Dec 20 2020,Olympique de Marseille,,Stade de Reims
Journée 16,Sun Dec 20 2020,FC Metz,,RC Lens
Journée 16,Sun Dec 20 2020,FC Nantes,,Angers SCO
Journée 16,Sun Dec 20 2020,OGC Nice,,Olympique Lyonnais
Journée 16,Sun Dec 20 2020,AS Saint-Étienne,,Nîmes Olympique
Journée 16,Sun Dec 20 2020,RC Strasbourg,,Girondins de Bordeaux
Journée 17,Wed Dec 23 2020,Angers SCO,,Olympique de Marseille
Journée 17,Wed Dec 23 2020,Girondins de Bordeaux,,Stade de Reims
Journée 17,Wed Dec 23 2020,RC Lens,,Stade Brestois 29
Journée 17,Wed Dec 23 2020,Olympique Lyonnais,,FC Nantes
Journée 17,Wed Dec 23 2020,AS Monaco,,AS Saint-Étienne
Journée 17,Wed Dec 23 2020,Montpellier HSC,,Lille OSC
Journée 17,Wed Dec 23 2020,OGC Nice,,FC Lorient
Journée 17,Wed Dec 23 2020,Nîmes Olympique,,Dijon FCO
Journée 17,Wed Dec 23 2020,Paris Saint-Germain,,RC Strasbourg
Journée 17,Wed Dec 23 2020,Stade Rennais FC,,FC Metz
Journée 18,Wed Jan 6 2021,Stade Brestois 29,,OGC Nice
Journée 18,Wed Jan 6 2021,Lille OSC,,Angers SCO
Journée 18,Wed Jan 6 2021,FC Lorient,,AS Monaco
Journée 18,Wed Jan 6 2021,Olympique Lyonnais,,RC Lens
Journée 18,Wed Jan 6 2021,Olympique de Marseille,,Montpellier HSC
Journée 18,Wed Jan 6 2021,FC Metz,,Girondins de Bordeaux
Journée 18,Wed Jan 6 2021,FC Nantes,,Stade Rennais FC
Journée 18,Wed Jan 6 2021,Stade de Reims,,Dijon FCO
Journée 18,Wed Jan 6 2021,AS Saint-Étienne,,Paris Saint-Germain
Journée 18,Wed Jan 6 2021,RC Strasbourg,,Nîmes Olympique
Journée 19,Sun Jan 10 2021,Girondins de Bordeaux,,FC Lorient
Journée 19,Sun Jan 10 2021,Dijon FCO,,Olympique de Marseille
Journée 19,Sun Jan 10 2021,RC Lens,,RC Strasbourg
Journée 19,Sun Jan 10 2021,FC Metz,,OGC Nice
Journée 19,Sun Jan 10 2021,AS Monaco,,Angers SCO
Journée 19,Sun Jan 10 2021,Montpellier HSC,,FC Nantes
Journée 19,Sun Jan 10 2021,Nîmes Olympique,,Lille OSC
Journée 19,Sun Jan 10 2021,Paris Saint-Germain,,Stade Brestois 29
Journée 19,Sun Jan 10 2021,Stade de Reims,,AS Saint-Étienne
Journée 19,Sun Jan 10 2021,Stade Rennais FC,,Olympique Lyonnais
Journée 20,Wed Jan 20 2021,Angers SCO,,Paris Saint-Germain
Journée 20,Wed Jan 20 2021,Stade Brestois 29,,Stade Rennais FC
Journée 20,Wed Jan 20 2021,Lille OSC,,Stade de Reims
Journée 20,Wed Jan 20 2021,FC Lorient,,Dijon FCO
Journée 20,Wed Jan 20 2021,Olympique Lyonnais,,FC Metz
Journée 20,Wed Jan 20 2021,Olympique de Marseille,,Nîmes Olympique
Journée 20,Wed Jan 20 2021,Montpellier HSC,,AS Monaco
Journée 20,Wed Jan 20 2021,FC Nantes,,RC Lens
Journée 20,Wed Jan 20 2021,OGC Nice,,Girondins de Bordeaux
Journée 20,Wed Jan 20 2021,RC Strasbourg,,AS Saint-Étienne
Journée 21,Sun Jan 24 2021,Girondins de Bordeaux,,Angers SCO
Journée 21,Sun Jan 24 2021,Dijon FCO,,RC Strasbourg
Journée 21,Sun Jan 24 2021,RC Lens,,OGC Nice
Journée 21,Sun Jan 24 2021,FC Metz,,FC Nantes
Journée 21,Sun Jan 24 2021,AS Monaco,,Olympique de Marseille
Journée 21,Sun Jan 24 2021,Nîmes Olympique,,FC Lorient
Journée 21,Sun Jan 24 2021,Paris Saint-Germain,,Montpellier HSC
Journée 21,Sun Jan 24 2021,Stade de Reims,,Stade Brestois 29
Journée 21,Sun Jan 24 2021,Stade Rennais FC,,Lille OSC
Journée 21,Sun Jan 24 2021,AS Saint-Étienne,,Olympique Lyonnais
Journée 22,Sun Jan 31 2021,Angers SCO,,Nîmes Olympique
Journée 22,Sun Jan 31 2021,Stade Brestois 29,,FC Metz
Journée 22,Sun Jan 31 2021,Lille OSC,,Dijon FCO
Journée 22,Sun Jan 31 2021,FC Lorient,,Paris Saint-Germain
Journée 22,Sun Jan 31 2021,Olympique de Marseille,,Stade Rennais FC
Journée 22,Sun Jan 31 2021,Montpellier HSC,,RC Lens
Journée 22,Sun Jan 31 2021,FC Nantes,,AS Monaco
Journée 22,Sun Jan 31 2021,OGC Nice,,AS Saint-Étienne
Journée 22,Sun Jan 31 2021,RC Strasbourg,,Stade de Reims
Journée 22,Sun Jan 31 2021,Olympique Lyonnais,,Girondins de Bordeaux
Journée 23,Wed Feb 3 2021,Girondins de Bordeaux,,Lille OSC
Journée 23,Wed Feb 3 2021,Dijon FCO,,Olympique Lyonnais
Journée 23,Wed Feb 3 2021,RC Lens,,Olympique de Marseille
Journée 23,Wed Feb 3 2021,FC Metz,,Montpellier HSC
Journée 23,Wed Feb 3 2021,Paris Saint-Germain,,Nîmes Olympique
Journée 23,Wed Feb 3 2021,Stade de Reims,,Angers SCO
Journée 23,Wed Feb 3 2021,Stade Rennais FC,,FC Lorient
Journée 23,Wed Feb 3 2021,AS Saint-Étienne,,FC Nantes
Journée 23,Wed Feb 3 2021,RC Strasbourg,,Stade Brestois 29
Journée 23,Wed Feb 3 2021,AS Monaco,,OGC Nice
Journée 24,Sun Feb 7 2021,Stade Brestois 29,,Girondins de Bordeaux
Journée 24,Sun Feb 7 2021,RC Lens,,Stade Rennais FC
Journée 24,Sun Feb 7 2021,FC Lorient,,Stade de Reims
Journée 24,Sun Feb 7 2021,Olympique Lyonnais,,RC Strasbourg
Journée 24,Sun Feb 7 2021,Olympique de Marseille,,Paris Saint-Germain
Journée 24,Sun Feb 7 2021,Montpellier HSC,,Dijon FCO
Journée 24,Sun Feb 7 2021,FC Nantes,,Lille OSC
Journée 24,Sun Feb 7 2021,OGC Nice,,Angers SCO
Journée 24,Sun Feb 7 2021,Nîmes Olympique,,AS Monaco
Journée 24,Sun Feb 7 2021,AS Saint-Étienne,,FC Metz
Journée 25,Sun Feb 14 2021,Angers SCO,,FC Nantes
Journée 25,Sun Feb 14 2021,Girondins de Bordeaux,,Olympique de Marseille
Journée 25,Sun Feb 14 2021,Dijon FCO,,Nîmes Olympique
Journée 25,Sun Feb 14 2021,Lille OSC,,Stade Brestois 29
Journée 25,Sun Feb 14 2021,Olympique Lyonnais,,Montpellier HSC
Journée 25,Sun Feb 14 2021,FC Metz,,RC Strasbourg
Journée 25,Sun Feb 14 2021,AS Monaco,,FC Lorient
Journée 25,Sun Feb 14 2021,Paris Saint-Germain,,OGC Nice
Journée 25,Sun Feb 14 2021,Stade de Reims,,RC Lens
Journée 25,Sun Feb 14 2021,Stade Rennais FC,,AS Saint-Étienne
Journée 26,Sun Feb 21 2021,Stade Brestois 29,,Olympique Lyonnais
Journée 26,Sun Feb 21 2021,RC Lens,,Dijon FCO
Journée 26,Sun Feb 21 2021,FC Lorient,,Lille OSC
Journée 26,Sun Feb 21 2021,Montpellier HSC,,Stade Rennais FC
Journée 26,Sun Feb 21 2021,FC Nantes,,Olympique de Marseille
Journée 26,Sun Feb 21 2021,OGC Nice,,FC Metz
Journée 26,Sun Feb 21 2021,Nîmes Olympique,,Girondins de Bordeaux
Journée 26,Sun Feb 21 2021,Paris Saint-Germain,,AS Monaco
Journée 26,Sun Feb 21 2021,AS Saint-Étienne,,Stade de Reims
Journée 26,Sun Feb 21 2021,RC Strasbourg,,Angers SCO
Journée 27,Sun Feb 28 2021,Angers SCO,,RC Lens
Journée 27,Sun Feb 28 2021,Girondins de Bordeaux,,FC Metz
Journée 27,Sun Feb 28 2021,Dijon FCO,,Paris Saint-Germain
Journée 27,Sun Feb 28 2021,Lille OSC,,RC Strasbourg
Journée 27,Sun Feb 28 2021,FC Lorient,,AS Saint-Étienne
Journée 27,Sun Feb 28 2021,Olympique de Marseille,,Olympique Lyonnais
Journée 27,Sun Feb 28 2021,AS Monaco,,Stade Brestois 29
Journée 27,Sun Feb 28 2021,Nîmes Olympique,,FC Nantes
Journée 27,Sun Feb 28 2021,Stade de Reims,,Montpellier HSC
Journée 27,Sun Feb 28 2021,Stade Rennais FC,,OGC Nice
Journée 28,Sun Mar 7 2021,Girondins de Bordeaux,,Paris Saint-Germain
Journée 28,Sun Mar 7 2021,Stade Brestois 29,,Dijon FCO
Journée 28,Sun Mar 7 2021,Lille OSC,,Olympique de Marseille
Journée 28,Sun Mar 7 2021,Olympique Lyonnais,,Stade Rennais FC
Journée 28,Sun Mar 7 2021,FC Metz,,Angers SCO
Journée 28,Sun Mar 7 2021,Montpellier HSC,,FC Lorient
Journée 28,Sun Mar 7 2021,FC Nantes,,Stade de Reims
Journée 28,Sun Mar 7 2021,OGC Nice,,Nîmes Olympique
Journée 28,Sun Mar 7 2021,AS Saint-Étienne,,RC Lens
Journée 28,Sun Mar 7 2021,RC Strasbourg,,AS Monaco
Journée 29,Sun Mar 14 2021,Angers SCO,,AS Saint-Étienne
Journée 29,Sun Mar 14 2021,Dijon FCO,,Girondins de Bordeaux
Journée 29,Sun Mar 14 2021,RC Lens,,FC Metz
Journée 29,Sun Mar 14 2021,FC Lorient,,OGC Nice
Journée 29,Sun Mar 14 2021,Olympique de Marseille,,Stade Brestois 29
Journée 29,Sun Mar 14 2021,AS Monaco,,Lille OSC
Journée 29,Sun Mar 14 2021,Nîmes Olympique,,Montpellier HSC
Journée 29,Sun Mar 14 2021,Paris Saint-Germain,,FC Nantes
Journée 29,Sun Mar 14 2021,Stade de Reims,,Olympique Lyonnais
Journée 29,Sun Mar 14 2021,Stade Rennais FC,,RC Strasbourg
Journée 30,Sun Mar 21 2021,Stade Brestois 29,,Angers SCO
Journée 30,Sun Mar 21 2021,Dijon FCO,,Stade de Reims
Journée 30,Sun Mar 21 2021,Lille OSC,,Nîmes Olympique
Journée 30,Sun Mar 21 2021,Olympique Lyonnais,,Paris Saint-Germain
Journée 30,Sun Mar 21 2021,FC Metz,,Stade Rennais FC
Journée 30,Sun Mar 21 2021,Montpellier HSC,,Girondins de Bordeaux
Journée 30,Sun Mar 21 2021,FC Nantes,,FC Lorient
Journée 30,Sun Mar 21 2021,OGC Nice,,Olympique de Marseille
Journée 30,Sun Mar 21 2021,AS Saint-Étienne,,AS Monaco
Journée 30,Sun Mar 21 2021,RC Strasbourg,,RC Lens
Journée 31,Sun Apr 4 2021,Angers SCO,,Montpellier HSC
Journée 31,Sun Apr 4 2021,Girondins de Bordeaux,,RC Strasbourg
Journée 31,Sun Apr 4 2021,RC Lens,,Olympique Lyonnais
Journée 31,Sun Apr 4 2021,FC Lorient,,Stade Brestois 29
Journée 31,Sun Apr 4 2021,Olympique de Marseille,,Dijon FCO
Journée 31,Sun Apr 4 2021,AS Monaco,,FC Metz
Journée 31,Sun Apr 4 2021,FC Nantes,,OGC Nice
Journée 31,Sun Apr 4 2021,Nîmes Olympique,,AS Saint-Étienne
Journée 31,Sun Apr 4 2021,Paris Saint-Germain,,Lille OSC
Journée 31,Sun Apr 4 2021,Stade de Reims,,Stade Rennais FC
Journée 32,Sun Apr 11 2021,Stade Brestois 29,,Nîmes Olympique
Journée 32,Sun Apr 11 2021,RC Lens,,FC Lorient
Journée 32,Sun Apr 11 2021,Olympique Lyonnais,,Angers SCO
Journée 32,Sun Apr 11 2021,FC Metz,,Lille OSC
Journée 32,Sun Apr 11 2021,AS Monaco,,Dijon FCO
Journée 32,Sun Apr 11 2021,Montpellier HSC,,Olympique de Marseille
Journée 32,Sun Apr 11 2021,OGC Nice,,Stade de Reims
Journée 32,Sun Apr 11 2021,Stade Rennais FC,,FC Nantes
Journée 32,Sun Apr 11 2021,AS Saint-Étienne,,Girondins de Bordeaux
Journée 32,Sun Apr 11 2021,RC Strasbourg,,Paris Saint-Germain
Journée 33,Sun Apr 18 2021,Angers SCO,,Stade Rennais FC
Journée 33,Sun Apr 18 2021,Girondins de Bordeaux,,AS Monaco
Journée 33,Sun Apr 18 2021,Stade Brestois 29,,RC Lens
Journée 33,Sun Apr 18 2021,Dijon FCO,,OGC Nice
Journée 33,Sun Apr 18 2021,Lille OSC,,Montpellier HSC
Journée 33,Sun Apr 18 2021,Olympique de Marseille,,FC Lorient
Journée 33,Sun Apr 18 2021,FC Nantes,,Olympique Lyonnais
Journée 33,Sun Apr 18 2021,Nîmes Olympique,,RC Strasbourg
Journée 33,Sun Apr 18 2021,Paris Saint-Germain,,AS Saint-Étienne
Journée 33,Sun Apr 18 2021,Stade de Reims,,FC Metz
Journée 34,Wed Apr 21 2021,Angers SCO,,AS Monaco
Journée 34,Wed Apr 21 2021,RC Lens,,Nîmes Olympique
Journée 34,Wed Apr 21 2021,FC Lorient,,Girondins de Bordeaux
Journée 34,Wed Apr 21 2021,Olympique Lyonnais,,Lille OSC
Journée 34,Wed Apr 21 2021,FC Metz,,Paris Saint-Germain
Journée 34,Wed Apr 21 2021,OGC Nice,,Montpellier HSC
Journée 34,Wed Apr 21 2021,Stade de Reims,,Olympique de Marseille
Journée 34,Wed Apr 21 2021,Stade Rennais FC,,Dijon FCO
Journée 34,Wed Apr 21 2021,AS Saint-Étienne,,Stade Brestois 29
Journée 34,Wed Apr 21 2021,RC Strasbourg,,FC Nantes
Journée 35,Sun May 2 2021,Girondins de Bordeaux,,Stade Rennais FC
Journée 35,Sun May 2 2021,Stade Brestois 29,,FC Nantes
Journée 35,Sun May 2 2021,Dijon FCO,,FC Metz
Journée 35,Sun May 2 2021,Lille OSC,,OGC Nice
Journée 35,Sun May 2 2021,FC Lorient,,Angers SCO
Journée 35,Sun May 2 2021,Olympique de Marseille,,RC Strasbourg
Journée 35,Sun May 2 2021,AS Monaco,,Olympique Lyonnais
Journée 35,Sun May 2 2021,Montpellier HSC,,AS Saint-Étienne
Journée 35,Sun May 2 2021,Nîmes Olympique,,Stade de Reims
Journée 35,Sun May 2 2021,Paris Saint-Germain,,RC Lens
Journée 36,Sun May 9 2021,Angers SCO,,Dijon FCO
Journée 36,Sun May 9 2021,RC Lens,,Lille OSC
Journée 36,Sun May 9 2021,Olympique Lyonnais,,FC Lorient
Journée 36,Sun May 9 2021,FC Metz,,Nîmes Olympique
Journée 36,Sun May 9 2021,FC Nantes,,Girondins de Bordeaux
Journée 36,Sun May 9 2021,OGC Nice,,Stade Brestois 29
Journée 36,Sun May 9 2021,Stade de Reims,,AS Monaco
Journée 36,Sun May 9 2021,Stade Rennais FC,,Paris Saint-Germain
Journée 36,Sun May 9 2021,AS Saint-Étienne,,Olympique de Marseille
Journée 36,Sun May 9 2021,RC Strasbourg,,Montpellier HSC
Journée 37,Sun May 16 2021,Girondins de Bordeaux,,RC Lens
Journée 37,Sun May 16 2021,Dijon FCO,,FC Nantes
Journée 37,Sun May 16 2021,Lille OSC,,AS Saint-Étienne
Journée 37,Sun May 16 2021,FC Lorient,,FC Metz
Journée 37,Sun May 16 2021,Olympique de Marseille,,Angers SCO
Journée 37,Sun May 16 2021,AS Monaco,,Stade Rennais FC
Journée 37,Sun May 16 2021,Montpellier HSC,,Stade Brestois 29
Journée 37,Sun May 16 2021,OGC Nice,,RC Strasbourg
Journée 37,Sun May 16 2021,Nîmes Olympique,,Olympique Lyonnais
Journée 37,Sun May 16 2021,Paris Saint-Germain,,Stade de Reims
Journée 38,Sun May 23 2021,Angers SCO,,Lille OSC
Journée 38,Sun May 23 2021,Stade Brestois 29,,Paris Saint-Germain
Journée 38,Sun May 23 2021,RC Lens,,AS Monaco
Journée 38,Sun May 23 2021,Olympique Lyonnais,,OGC Nice
Journée 38,Sun May 23 2021,FC Metz,,Olympique de Marseille
Journée 38,Sun May 23 2021,FC Nantes,,Montpellier HSC
Journée 38,Sun May 23 2021,Stade de Reims,,Girondins de Bordeaux
Journée 38,Sun May 23 2021,Stade Rennais FC,,Nîmes Olympique
Journée 38,Sun May 23 2021,AS Saint-Étienne,,Dijon FCO
Journée 38,Sun May 23 2021,RC Strasbourg,,FC Lorient
